user_name,user_zloa_score
금강디붕쿤,1901.43
러쉬킹,2479.26
불국사삼겹살킬러,2165.41
떼띠지민,2088.26
담선,2136
장작패기,1906.8
박흥식,2112.23
체리콕사이즈업,2137.68
퍼스D,2291.24
밀크티맛있어,2272.36
김엿츠,2334.06
햄머박홍규,2211.24
그랜치킨,2079.94
막두,2141.1
곰곰해,2148.47
망칭,2413.98
더원립톡,2067.06
모코코와고슴도치,2310.36
타르타르해머,2269.8
하얀맹치,2109.29
오늘도광대는모코코다,2133.14
지구함마,1982.06
신디붕,2280.84
킴허찌,2052.38
달달한주니,2415.65
망기덕,2241.88
골드모아틀니,
정령미,1716.66
K하스,
HAMSYS,2241.94
디히스,2456.37
헤비한친구,2042.11
두리안망치,2260.4
아나볼릭디트로이더,2311.43
HoneyHammer,2237.68
혁신핵망치,1896.37
강애붕,2374.63
베르온스,2205.31
백두루미,2317.46
째스기,2488.09
엄착토,2269
통수치기,2195.7
산이,2106.49
중국집단무지도둑해던,2255.97
양형v,2489.98
변태성,2205.39
언제가는,2195.64
망치헤으응,2202.94
니머리를망치로뚝딱,1935.83
망치에이스,2077.26
청소기,2285.09
쁘띠쁘띠김디붕,2256.34
1차기기냉각해수펌프,2047.55
크림우동그랑땡,2168.65
첨단인,1799.44
활화격,2449.94
닉값맨,2259.3
핫핑크슈가보이,2350.23
디수그리스도,2514.14
디트공주,1953.61
묵은지방어배꼽살,2301.73
빛이나는망치,2434.73
아디트는못참지,1910.14
짓밟아버리자,2292.1
기부전사,2265.78
라라크래프트,2250.29
아니내망치왜이래,2150.16
물탱망치,2274.51
대물디트,1843.77
맑지못한물,2138.08
사다치야,2134.98
킹찔구,2488.79
드라우프니르,2250.39
디스트로OI어,2090.06
대장디붕,2210.65
뚝한대만맞자,2065.6
ISH,2061.72
호크보다디트,2080.54
디뚜,2052.31
또니망치,2079.1
하리보망치,2420.51
디트불망치,2268.36
Hellweapon,2349.77
85세김춘복의마지막여정,2180.42
뇌가손상된사람,2289.47
노가다,842.08
디붕이그렇게하는거아닌데,2184.54
디붕주의보,2360.77
잇킹,1933.48
오함마로대가리뽀사벌라,2064.19
연돈수석주방장,2255.32
삿댐,2524.97
쿵떡총이,2256.06
김호영규,2218.26
박천형,2085.69
든든푸들,2339.98
난는디트당,2145.07
다녜모,2215.86
망치뚜까뚜까,2050.28
그레이헤임,1996.97
